<addon id="repository.natkitv" name="NATKITV REPO" version="1.0.0" provider-name="natkitv">
  <requires>
    <import addon="xbmc.addon" version="19.0.0"/>
  </requires>
  <extension point="xbmc.addon.repository">
    <info>https://raw.githubusercontent.com/natiliza/natkitv/main/zips/repository.natkitv/addons.xml</info>
    <checksum>https://raw.githubusercontent.com/natiliza/natkitv/main/zips/repository.natkitv/addons.xml.md5</checksum>
    <datadir>https://raw.githubusercontent.com/natiliza/natkitv/main/zips/repository.natkitv/</datadir>
  </extension>
  <extension point="xbmc.addon.metadata">
    <summary lang="he">מאגר הרחבות רשמי של NATKI TV</summary>
    <description lang="he">NATKITV STYLE ריפו</description>
    <platform>all</platform>
  </extension>
</addon>
