<?xml version="1.0" encoding="UTF-8" standalone="yes"?>
<addon id="repository.natkitv" name="NATKITV REPO" version="1.0.0" provider-name="Natki">
    <requires>
        <import addon="xbmc.addon" version="19.0.0"/>
    </requires>
    <extension point="xbmc.addon.repository" name="NATKITV REPO">
        <info>https://natiliza.github.io/natki-tv/addons.xml</info>
        <checksum>https://natiliza.github.io/natki-tv/addons.xml.md5</checksum>
        <datadir>https://natiliza.github.io/natki-tv/zips/</datadir>
    </extension>
    <extension point="xbmc.addon.metadata">
        <summary lang="en">NatkiTV repository</summary>
        <description lang="en">The best repository for Kodi – NATKI TV style</description>
        <platform>all</platform>
        <assets>
            <icon>icon.png</icon>
            <fanart>fanart.jpg</fanart>
        </assets>
    </extension>
</addon>
