<?xml version="1.0" encoding="UTF-8" standalone="yes"?>
<addon id="repository.natkitv" name="NATKITV REPOSITORY" version="1.0.0" provider-name="Natki">
    <requires>
        <import addon="xbmc.addon" version="19.0.0"/>
    </requires>
    <extension point="xbmc.addon.repository" name="NATKITV REPOSITORY">
        <info>https://natiliza.github.io/natkitv/addons.xml</info>
        <checksum>https://natiliza.github.io/natkitv/addons.xml.md5</checksum>
        <datadir>https://natiliza.github.io/natkitv/zips/repository.natkitv/</datadir>
    </extension>
    <extension point="xbmc.addon.metadata">
        <summary lang="en">NATKITV – Number One in the World</summary>
        <description lang="en">The official NATKITV Kodi repository. Includes live TV and powerful addons.</description>
        <platform>all</platform>
        <assets>
            <icon>icon.png</icon>
            <fanart>fanart.jpg</fanart>
        </assets>
    </extension>
</addon>
