<addon id="repository.natkitv" name="NATKITV REPO" version="1.0.0" provider-name="natkitv">
  <extension point="xbmc.addon.repository" name="NATKITV REPO">
    <info>https://raw.githubusercontent.com/natiliza/natkitv/main/zips/repository.natkitv/addons.xml</info>
    <checksum>https://raw.githubusercontent.com/natiliza/natkitv/main/zips/repository.natkitv/addons.xml.md5</checksum>
    <datadir>https://raw.githubusercontent.com/natiliza/natkitv/main/zips/</datadir>
  </extension>
  <extension point="xbmc.addon.metadata">
    <summary lang="he">הריפו הרשמי של NATKITV</summary>
    <description lang="he">מאגר הרחבות פרטי ומקצועי מבית NATKITV</description>
    <platform>all</platform>
    <icon>https://raw.githubusercontent.com/natiliza/natkitv/main/zips/repository.natkitv/icon.png</icon>
    <fanart>https://raw.githubusercontent.com/natiliza/natkitv/main/zips/repository.natkitv/fanart.jpg</fanart>
  </extension>
</addon>
