<addon id="repository.natkitv" name="NATKITV REPO" version="1.0.0" provider-name="natkitv">
    <requires>
        <import addon="xbmc.addon" version="19.0.0"/>
    </requires>
    <extension point="xbmc.addon.repository" name="NATKITV REPO">
        <info>https://raw.githubusercontent.com/natiliza/natkitv/main/addons.xml</info>
        <checksum>https://raw.githubusercontent.com/natiliza/natkitv/main/addons.xml.md5</checksum>
        <datadir>https://raw.githubusercontent.com/natiliza/natkitv/main/</datadir>
    </extension>
    <extension point="xbmc.addon.metadata">
        <summary lang="he">NATKITV ריפו</summary>
        <description lang="he">ריפו אישי של NATKITV עם הרחבות שימושיות</description>
        <platform>all</platform>
        <icon>https://raw.githubusercontent.com/natiliza/natkitv/main/repository.natkitv/icon.png</icon>
        <fanart>https://raw.githubusercontent.com/natiliza/natkitv/main/repository.natkitv/fanart.jpg</fanart>
    </extension>
</addon>