<addon id="repository.natkitv"
       name="NATKITV NUMBER ONE IN THE WORLD EVER"
       version="1.0.0"
       provider-name="NatkiTV">
    <extension point="xbmc.addon.repository"
               name="NATKITV Repository">
        <info compressed="false">https://raw.githubusercontent.com/natiliza/natki-tv/main/addons.xml</info>
        <checksum>https://raw.githubusercontent.com/natiliza/natki-tv/main/addons.xml.md5</checksum>
        <datadir zip="true">https://github.com/natiliza/natki-tv/raw/main/</datadir>
    </extension>
    <extension point="xbmc.addon.metadata">
        <summary>Official NatkiTV Repository</summary>
        <description>This repository contains the official addons for NatkiTV</description>
        <platform>all</platform>
        <icon>icon.png</icon>
        <fanart>fanart.jpg</fanart>
    </extension>
</addon>
