<addon id="repository.natkitv" name="NatkiTV Repository" version="1.0.0" provider-name="natkitv">
    <extension point="xbmc.addon.repository" name="NatkiTV Repository">
        <info compressed="false">https://github.com/natiliza/natki-tv/raw/main/repo/addons.xml</info>
        <checksum>https://github.com/natiliza/natki-tv/raw/main/repo/addons.xml.md5</checksum>
        <datadir>https://github.com/natiliza/natki-tv/raw/main/repo/</datadir>
    </extension>
    <extension point="xbmc.addon.metadata">
        <summary>מאגר ההרחבות של NatkiTV</summary>
        <description>מאגר רשמי של NatkiTV להתקנת הוויזארד והתוספים.</description>
        <platform>all</platform>
        <icon>icon.png</icon>
        <fanart>fanart.jpg</fanart>
    </extension>
</addon>
