<addon id="repository.natkitv"
       name="NATKITV NUMBER ONE IN THE WORLD EVER"
       version="1.0.0"
       provider-name="NATKITV NUMBER ONE IN THE WORLD EVER">
    <extension point="xbmc.addon.repository"
               name="NatkiTV Repository">
        <info compressed="false">https://raw.githubusercontent.com/natiliza/natki-tv/main/addons.xml</info>
        <checksum>https://raw.githubusercontent.com/natiliza/natki-tv/main/addons.xml.md5</checksum>
        <datadir zip="true">https://github.com/natiliza/natki-tv/raw/main/zips/</datadir>
    </extension>
    <extension point="xbmc.addon.metadata">
        <summary lang="he">הריפו הרשמי של NatkiTV - הרחבות, בילדים וכלי ניהול.</summary>
        <description lang="he">הריפו של NATKITV NUMBER ONE IN THE WORLD EVER - להרחבות מקצועיות, בילדים והתקנות מותאמות אישית.</description>
        <platform>all</platform>
        <icon>icon.png</icon>
        <fanart>fanart.jpg</fanart>
    </extension>
</addon>
